"Mune Arc-length","Mune Normalised Arc-length","Mune Position","Mune Curvature","Toshin Haba","Toshin Kasane","Shinogi Haba","Mass-per-length Maximum Posterior","Centre-of-Mass Mune Normal Displacement"
"26.60989341307744","0.0","0.026207797404766975","0.003253791620492812","3.2605715176499896","0.5907884491432002","1.1821673963612849","15.194615485191788","4.110332353414383"
"26.981066888318555","0.005025125628140704","0.026433573542498534","0.0032538094636756863","3.2597748358886047","0.5897788111653323","1.1798494178062247","15.144390413881116","4.018792556942589"
"27.352240363559666","0.010050251256281407","0.02622026613566919","0.0032538130688816967","3.258929834992354","0.5887727038298838","1.1775345737720608","15.116821045029013","3.9731796142608795"
"27.72341383880078","0.01507537688442211","0.025567875184278277","0.003253802435983718","3.2580365149612374","0.5877701271368548","1.1752228642587932","15.104067049679777","3.95759988259772"
"28.094587314041895","0.020100502512562814","0.02447640068832646","0.0032537775652909363","3.2570948757952545","0.5867710810862452","1.172914289266422","15.091313054330541","3.9420201509345607"
"28.465760789283006","0.02512562814070352","0.02294584264781352","0.0032537384575046804","3.256104917494406","0.585775565678055","1.1706088487949469","15.078559058981307","3.926440419271401"
"28.83693426452412","0.03015075376884422","0.02097620106273923","0.003253685113731785","3.255066640058691","0.5847835809122843","1.1683065428443682","15.065805063632071","3.910860687608242"
"29.208107739765232","0.035175879396984924","0.018567475933103372","0.0032536175352656837","3.25398004348811","0.5837951267889332","1.166007371414686","15.05280797200857","3.89529278125268"
"29.579281215006347","0.04020100502512563","0.01571966725890661","0.0032535357242717434","3.252845127782663","0.5828102033080013","1.1637113345058996","15.0387798420988","3.879775029285195"
"29.95045469024746","0.04522613065326633","0.012432775040148947","0.0032534396829975243","3.2516618929423498","0.581828810469489","1.1614184321180099","15.02475171218903","3.8642572773177104"
"30.321628165488573","0.05025125628140704","0.008706799276829935","0.0032533294136049087","3.2504303389671705","0.5808509482733961","1.1591286642510166","15.01072358227926","3.8487395253502257"
"30.692801640729687","0.05527638190954774","0.004541739968949354","0.003253204919955951","3.2491504658571255","0.5798766167197226","1.1568420309049194","14.996695452369488","3.833221773382741"
"31.0639751159708","0.06030150753768844","-6.240288349168566E-5","0.0032530662045971337","3.247822273612214","0.5789058158084686","1.1545585320797187","14.982667322459719","3.8177040214152567"
"31.435148591211913","0.06532663316582915","-0.005105629280494295","0.0032529132724425356","3.2464457622324367","0.577938545539634","1.1522781677754141","14.967669428964502","3.802244688603201"
"31.806322066453028","0.07035175879396985","-0.010587939222058251","0.003252746126423923","3.2450209317177934","0.5769748059132188","1.150000937992006","14.952393160810846","3.786802125251954"
"32.17749554169414","0.07537688442211055","-0.016509332708183333","0.00325256477288028","3.243547782068284","0.5760145969292232","1.1477268427294942","14.937116892657189","3.7713595619007068"
"32.54866901693525","0.08040201005025126","-0.02286980973886954","0.003252369214600537","3.2420263132839087","0.5750579185876469","1.1454558819878786","14.921840624503533","3.7559169985494596"
"32.919842492176365","0.08542713567839195","-0.02966937031411665","0.003252159458531163","3.240456525364667","0.5741047708884901","1.1431880557671594","14.906564356349877","3.740474435198212"
"33.29101596741748","0.09045226130653267","-0.03690801443392555","0.0032519355110485625","3.2388384183105594","0.5731551538317528","1.1409233640673366","14.890822498785784","3.7250607946822405"
"33.662189442658594","0.09547738693467336","-0.04458574209829469","0.0032516973762850817","3.237171992121586","0.5722090674174348","1.13866180688841","14.874264119990475","3.7096978772036495"
"34.03336291789971","0.10050251256281408","-0.05270255330722606","0.0032514450623383354","3.235457246797746","0.5712665116455363","1.1364033842303798","14.857705741195165","3.6943349597250585"
"34.40453639314082","0.10552763819095477","-0.06125844806071812","0.0032511785768335718","3.23369418233904","0.5703274865160572","1.1341480960932455","14.841147362399857","3.6789720422464676"
"34.77570986838194","0.11055276381909548","-0.07025342635877152","0.003250897924749923","3.2318827987454686","0.5693919920289977","1.131895942477008","14.824588983604547","3.6636091247678766"
"35.146883343623045","0.11557788944723618","-0.07968748820138583","0.0032506031156322454","3.2300230960170304","0.5684600281843576","1.1296469233816666","14.808030604809238","3.6482462072892856"
"35.51805681886416","0.12060301507537688","-0.0895606335885617","0.0032502941587528437","3.2281150741537266","0.5675315949821369","1.1274010388072218","14.790283589671812","3.6329766882071746"
"35.889230294105275","0.12562814070351758","-0.0998728625202987","0.0032499710589702414","3.2261587331555566","0.5666066924223356","1.125158288753673","14.77247311554382","3.617712155484432"
"36.26040376934639","0.1306532663316583","-0.11062417499659638","0.0032496338278483884","3.2241540730225204","0.5656853205049539","1.1229186732210206","14.754662641415827","3.60244762276169"
"36.631577244587504","0.135678391959799","-0.12181457101745563","0.003249282474554119","3.2221010937546186","0.5647674792299915","1.1206821922092647","14.736852167287834","3.587183090038948"
"37.00275071982861","0.1407035175879397","-0.133444050582876","0.003248917009657165","3.2199997953518498","0.5638531685974485","1.1184488457184047","14.719041693159841","3.571918557316206"
"37.373924195069726","0.1457286432160804","-0.1455126136928575","0.0032485374400460913","3.2178501778142157","0.562942388607325","1.1162186337484414","14.700571105360606","3.556713230460889"
"37.74509767031084","0.1507537688442211","-0.15802026034740058","0.003248143778660537","3.2156522411417154","0.562035139259621","1.1139915562993743","14.681527908935076","3.541559261109425"
"38.116271145551956","0.15577889447236182","-0.17096699054650477","0.003247736036192604","3.213405985334349","0.5611314205543365","1.1117676133712036","14.662484712509544","3.526405291757962"
"38.48744462079307","0.16080402010050251","-0.1843528042901701","0.0032473142250388242","3.211111410392117","0.5602312324914713","1.1095468049639288","14.643441516084012","3.5112513224064985"
"38.85861809603418","0.1658291457286432","-0.1981777015783961","0.003246878352800142","3.2087685163150184","0.5593345750710257","1.1073291310775508","14.624398319658482","3.496097353055035"
"39.22979157127529","0.1708542713567839","-0.2124416824111841","0.0032464284345586443","3.2063773031030536","0.5584414482929994","1.1051145917120688","14.605203275136784","3.480957253212124"
"39.60096504651641","0.17587939698492464","-0.2271447467885328","0.003245964482535102","3.203937770756223","0.5575518521573926","1.1029031868674835","14.58491202010536","3.465917279096325"
"39.97213852175752","0.18090452261306533","-0.24228689471044262","0.0032454865119517437","3.2014499192745265","0.5566657866642052","1.100694916543794","14.564620765073936","3.450877304980526"
"40.34331199699864","0.18592964824120603","-0.257868126176914","0.0032449945286792932","3.198913748657964","0.5557832518134372","1.0984897807410012","14.544329510042513","3.4358373308647274"
"40.714485472239744","0.19095477386934673","-0.27388844118794564","0.003244488551342049","3.196329258906535","0.5549042476050888","1.0962877794591046","14.524038255011089","3.420797356748929"
"41.08565894748086","0.19597989949748743","-0.2903478397435397","0.003243968593688039","3.1936964500202403","0.5540287740391597","1.0940889126981044","14.503746999979665","3.40575738263313"
"41.45683242272197","0.20100502512562815","-0.30724632184369405","0.003243434669819288","3.1910153219990796","0.5531568311156502","1.0918931804580003","14.482598181219863","3.3908121858368654"
"41.82800589796309","0.20603015075376885","-0.3245838874884104","0.003242886797425649","3.1882858748430527","0.5522884188345599","1.0897005827387927","14.461095408094069","3.3759061078196906"
"42.1991793732042","0.21105527638190955","-0.3423605366776874","0.0032423249827598422","3.1855081085521597","0.5514235371958893","1.0875111195404814","14.439592634968275","3.361000029802516"
"42.57035284844531","0.21608040201005024","-0.36057626941152554","0.0032417492473381542","3.1826820231264","0.550562186199638","1.0853247908630663","14.418089861842482","3.346093951785342"
"42.94152632368643","0.22110552763819097","-0.37923108568992525","0.0032411596067826644","3.1798076185657753","0.5497043658458062","1.0831415967065476","14.396587088716688","3.331187873768167"
"43.31269979892754","0.22613065326633167","-0.3983249855128861","0.00324055607706735","3.176884894870284","0.5488500761343938","1.0809615370709253","14.374724125355467","3.316321540641592"
"43.683873274168654","0.23115577889447236","-0.4178579688804076","0.0032399386745170385","3.173913852039927","0.5479993170654008","1.0787846119561992","14.351996286697165","3.301550641457093"
"44.05504674940977","0.23618090452261306","-0.4378300357924907","0.0032393074186124037","3.170894490074704","0.5471520886388275","1.0766108213623693","14.329268448038862","3.2867797422725946"
"44.426220224650876","0.24120603015075376","-0.45824118624913446","0.003238662318772597","3.1678268089746147","0.5463083908546734","1.074440165289436","14.30654060938056","3.2720088430880967"
"44.797393699892","0.24623115577889448","-0.47909142025034024","0.0032380033983557596","3.164710808739659","0.5454682237129388","1.0722726437373986","14.283812770722257","3.257237943903598"
"45.168567175133106","0.25125628140703515","-0.5003807377961063","0.003237330675191675","3.1615464893698375","0.5446315872136237","1.070108256706258","14.261084932063955","3.2424670447190995"
"45.53974065037422","0.2562814070351759","-0.5221091388864347","0.0032366441674578647","3.15833385086515","0.5437984813567279","1.0679470041960133","14.237284556940537","3.2278249639539944"
"45.910914125615335","0.2613065326633166","-0.5442766235213239","0.0032359438936783954","3.1550728932255967","0.5429689061422517","1.0657888862066651","14.213338192641801","3.213200417413062"
"46.28208760085644","0.2663316582914573","-0.5668831917007737","0.003235229877020938","3.1517636164511766","0.5421428615701949","1.0636339027382133","14.189391828343066","3.19857587087213"
"46.653261076097564","0.271356783919598","-0.5899288434247847","0.003234502125422956","3.148406020541891","0.5413203476405575","1.0614820537906577","14.16544546404433","3.1839513243311974"
"47.02443455133867","0.27638190954773867","-0.6134135786933572","0.003233760666681199","3.1450001054977395","0.5405013643533396","1.0593333393639985","14.141499099745594","3.1693267777902654"
"47.39560802657979","0.2814070351758794","-0.6373373975064913","0.003233005520802323","3.141545871318722","0.5396859117085411","1.0571877594582357","14.116995852061384","3.154776218326042"
"47.7667815018209","0.2864321608040201","-0.6617002998641861","0.003232236708135428","3.138043318004838","0.538873989706162","1.055045314073369","14.09185539891594","3.1403103174646247"
"48.13795497706201","0.2914572864321608","-0.686502285766442","0.0032314542493707106","3.1344924455560883","0.5380655983462025","1.0529060032093986","14.066714945770494","3.125844416603208"
"48.50912845230313","0.2964824120603015","-0.7117433552132595","0.0032306581655381188","3.1308932539724723","0.5372607376286623","1.0507698268663248","14.041574492625049","3.111378515741791"
"48.88030192754424","0.3015075376884422","-0.7374235082046381","0.003229848483394404","3.1272457432539897","0.5364594075535416","1.0486367850441471","14.016434039479604","3.096912614880374"
"49.25147540278535","0.3065326633165829","-0.7635427447405769","0.0032290252106984764","3.123549913400642","0.5356616081208403","1.0465068777428659","13.991230417497862","3.0824551202006845"
"49.62264887802647","0.31155778894472363","-0.7901010648210782","0.003228188379406018","3.119805764412428","0.5348673393305585","1.0443801049624806","13.964887701773156","3.068149210219554"
"49.993822353267575","0.3165829145728643","-0.8170984684461402","0.0032273380119966985","3.116013296289348","0.5340766011826961","1.042256466702992","13.93854498604845","3.053843300238423"
"50.3649958285087","0.32160804020100503","-0.8445349556157646","0.003226474131284738","3.1121725090314016","0.5332893936772531","1.0401359629643994","13.912202270323743","3.0395373902572924"
"50.736169303749804","0.32663316582914576","-0.872410526329948","0.003225596760417411","3.108283402638589","0.5325057168142296","1.0380185937467032","13.885859554599037","3.0252314802761617"
"51.10734277899092","0.3316582914572864","-0.9007251805886938","0.003224705922873538","3.1043459771109108","0.5317255705936257","1.0359043590499035","13.859516838874331","3.010925570295031"
"51.478516254232034","0.33668341708542715","-0.9294789183920003","0.0032238016424619557","3.100360232448366","0.530948955015441","1.0337932588740002","13.832415277284317","2.9967290300257288"
"51.84968972947314","0.3417085427135678","-0.9586717397398683","0.003222883949583652","3.096326168650956","0.5301758700796758","1.031685293218993","13.804884482180702","2.9825943536313395"
"52.22086320471426","0.34673366834170855","-0.988303644632297","0.003221952852605265","3.0922437857186793","0.5294063157863301","1.029580462084882","13.777353687077085","2.9684596772369494"
"52.59203667995537","0.35175879396984927","-1.0183746330692873","0.003221008387605488","3.0881130836515367","0.5286402921354039","1.0274787654716677","13.74982289197347","2.95432500084256"
"52.963210155196485","0.35678391959798994","-1.0488847050508392","0.003220050579797446","3.083934062449528","0.527877799126897","1.0253802033793493","13.722292096869854","2.940190324448171"
"53.3343836304376","0.36180904522613067","-1.0798338605769517","0.0032190794547179357","3.079706722112653","0.5271188367608096","1.0232847758079275","13.69449490932647","2.926095456972455"
"53.70555710567871","0.36683417085427134","-1.111222099647625","0.003218095038225764","3.075431062640913","0.5263634050371417","1.021192482757402","13.665779575594927","2.912137794617754"
"54.07673058091983","0.37185929648241206","-1.1430494222628615","0.0032170973565000646","3.0711070840343058","0.5256115039558932","1.0191033242277727","13.637064241863383","2.8981801322630516"
"54.447904056160944","0.3768844221105528","-1.175315828422657","0.003216086436038606","3.0667347862928325","0.5248631335170642","1.0170173002190395","13.60834890813184","2.88422246990835"
"54.81907753140205","0.38190954773869346","-1.2080213181270159","0.0032150623036560737","3.062314169416494","0.5241182937206545","1.014934410731203","13.579633574400296","2.8702648075536485"
"55.190251006643166","0.3869346733668342","-1.2411658913759336","0.00321402499398672","3.057845233405289","0.5233769845666644","1.0128546557642626","13.55091824066875","2.856307145198947"
"55.56142448188428","0.39195979899497485","-1.2747495481694129","0.0032129745153919535","3.053327978259218","0.5226392060550937","1.0107780353182187","13.521259397281664","2.84249685829406"
"55.932597957125395","0.3969849246231156","-1.3087722885074546","0.003211910908744708","3.048762403978281","0.5219049581859424","1.008704549393071","13.491380767977013","2.8287209017728356"
"56.30377143236651","0.4020100502512563","-1.343234112390057","0.0032108342022040656","3.0441485105624775","0.5211742409592106","1.0066341979888196","13.461502138672362","2.8149449452516113"
"56.674944907607625","0.40703517587939697","-1.378135019817221","0.003209744424238512","3.0394862980118083","0.5204470543748981","1.0045669811054645","13.431623509367709","2.801168988730387"
"57.04611838284873","0.4120603015075377","-1.4134750107889449","0.003208641603624106","3.0347757663262733","0.5197233984330053","1.0025028987430058","13.401744880063058","2.787393032209163"
"57.41729185808985","0.41708542713567837","-1.4492540853052303","0.0032075257694426204","3.030016915505872","0.5190032731335318","1.0004419509014435","13.37283064652465","2.77640087819332"
"57.78846533333096","0.4221105527638191","-1.485472243366078","0.0032063969510796857","3.0252097455506046","0.5182866784764777","0.9983841375807773","13.345379752041875","2.7696327648378523"
"58.159638808572076","0.4271356783919598","-1.5221294849714866","0.0032052551782228962","3.020354256460471","0.517573614461843","0.9963294587810074","13.317928857559103","2.7628646514823845"
"58.53081228381319","0.4321608040201005","-1.5592258101214558","0.003204100480859912","3.0154504482354714","0.5168640810896279","0.994277914502134","13.290477963076329","2.7560965381269167"
"58.9019857590543","0.4371859296482412","-1.5967612188159857","0.0032029328995025375","3.0104983208756058","0.5161580783598322","0.9922295047441568","13.263027068593557","2.749328424771449"
"59.27315923429542","0.44221105527638194","-1.634735711055078","0.0032017524393111053","3.005497874380874","0.5154556062724559","0.9901842295070759","13.235576174110783","2.742560311415981"
"59.64433270953653","0.4472361809045226","-1.67314928683873","0.003200559147952581","3.0004491087512766","0.514756664827499","0.9881420887908913","13.207255044946871","2.7364977978549683"
"60.015506184777635","0.45226130653266333","-1.7120019461669438","0.0031993530566830873","2.995352023986813","0.5140612540249617","0.9861030825956032","13.178919240273661","2.7304471834248085"
"60.38667966001876","0.457286432160804","-1.75129368903972","0.00319813419705015","2.9902066200874833","0.5133693738648437","0.9840672109212112","13.150583435600451","2.7243965689946488"
"60.757853135259865","0.4623115577889447","-1.7910245154570559","0.0031969026008907024","2.985012897053287","0.5126810243471452","0.9820344737677156","13.122247630927241","2.718345954564489"
"61.129026610500986","0.46733668341708545","-1.8311944254189543","0.003195658300329053","2.979770854884225","0.5119962054718662","0.9800048711351164","13.09391182625403","2.7122953401343293"
"61.500200085742094","0.4723618090452261","-1.8718034189254134","0.003194401327774864","2.9744804935802973","0.5113149172390066","0.9779784030234134","13.06480377622862","2.706150233038238"
"61.8713735609832","0.47738693467336685","-1.9128514959764322","0.00319313171592109","2.9691418131415035","0.5106371596485664","0.9759550694326068","13.035112181497345","2.699933722864368"
"62.24254703622432","0.4824120603015075","-1.9543386565720144","0.003191849497741925","2.963754813567843","0.5099629327005457","0.9739348703626964","13.00542058676607","2.693717212690498"
"62.61372051146543","0.48743718592964824","-1.9962649007121565","0.0031905547064907214","2.958319494859317","0.5092922363949444","0.9719178058136824","12.975728992034794","2.687500702516628"
"62.98489398670655","0.49246231155778897","-2.038630228396861","0.0031892473756978956","2.9528358570159243","0.5086250707317626","0.9699038757855646","12.946037397303519","2.681284192342758"
"63.35606746194766","0.49748743718592964","-2.081434639626125","0.0031879275492648178","2.9473039000376664","0.5079614357110002","0.9678930802783433","12.91613724744802","2.6750419000264922"
"63.72724093718877","0.5025125628140703","-2.12467813439995","0.003186595236043698","2.9417236239245423","0.5073013313326572","0.9658854192920183","12.885106748218314","2.6686598708966067"
"64.09841441242989","0.507537688442211","-2.1683607127183393","0.0031852504871967974","2.9360950286765517","0.5066447575967337","0.9638808928265894","12.854076248988608","2.662277841766721"
"64.469587887671","0.5125628140703518","-2.2124823745812865","0.003183893337422274","2.9304181142936954","0.5059917145032297","0.961879500882057","12.823045749758903","2.655895812636836"
"64.84076136291212","0.5175879396984925","-2.257043119988796","0.0031825238216855456","2.924692880775973","0.5053422020521451","0.9598812434584207","12.792015250529195","2.6495137835069507"
"65.21193483815323","0.5226130653266332","-2.3020429489408665","0.0031811419752171065","2.9189193281233843","0.5046962202434798","0.957886120555681","12.76098475129949","2.643131754377065"
"65.58310831339433","0.5276381909547738","-2.3474818614374993","0.0031797478335103403","2.91309745633593","0.5040537690772342","0.9558941321738376","12.728952050420325","2.636624803175554"
"65.95428178863546","0.5326633165829145","-2.393359857478692","0.003178341432319316","2.907227265413609","0.5034148485534079","0.9539052783128903","12.696570766494636","2.6300744019195266"
"66.32545526387656","0.5376884422110553","-2.439676937064445","0.003176922807656579","2.901308755356422","0.502779458672001","0.9519195589728394","12.664189482568949","2.623524000663499"
"66.69662873911768","0.542713567839196","-2.4864331001947617","0.003175491995790927","2.8953419261643694","0.5021475994330136","0.9499369741536849","12.63180819864326","2.6169735994074714"
"67.06780221435879","0.5477386934673367","-2.533628346869638","0.003174049033245173","2.889326777837451","0.5015192708364457","0.9479575238554266","12.59942691471757","2.6104231981514436"
"67.4389756895999","0.5527638190954773","-2.581262677089076","0.0031725939567939032","2.883263310375666","0.5008944728822972","0.9459812080780647","12.566611092932618","2.603820570437257"
"67.81014916484102","0.5577889447236181","-2.6293360908530747","0.003171126803461223","2.8771515237790153","0.5002732055705681","0.9440080268215991","12.532905463486259","2.5971109980654123"
"68.18132264008213","0.5628140703517588","-2.677848588161636","0.0031696476252805537","2.870991418047498","0.49965546890125845","0.9420379800860299","12.499199834039901","2.590401425693568"
"68.55249611532325","0.5678391959798995","-2.7268001690147585","0.0031681564239344614","2.8647829931811146","0.4990412628743683","0.9400710678713567","12.465494204593544","2.5836918533217235"
"68.92366959056436","0.5728643216080402","-2.77619083341244","0.003166653259951461","2.8585262491798655","0.49843058748989755","0.9381072901775801","12.431788575147186","2.5769822809498795"
"69.29484306580547","0.5778894472361809","-2.8260205813546824","0.0031651381714034683","2.852221186043751","0.49782344274784623","0.9361466470046999","12.398082945700827","2.570272708578035"
"69.66601654104659","0.5829145728643216","-2.8762894128414898","0.003163611196601104","2.8458678037727694","0.49721982864821435","0.9341891383527157","12.363153889280849","2.5634170191387637"
"70.0371900162877","0.5879396984924623","-2.9269973278728543","0.0031620723740913704","2.839466102366922","0.49661974519100205","0.932234764221628","12.32811014287024","2.556547631975431"
"70.40836349152882","0.592964824120603","-2.978144326448784","0.0031605217426553213","2.8330160818262087","0.49602319237620907","0.9302835246114365","12.293066396459633","2.549678244812098"
"70.77953696676992","0.5979899497487438","-3.0297304085692707","0.0031589593413057174","2.8265177421506293","0.4954301702038355","0.9283354195221415","12.258022650049025","2.542808857648765"
"71.15071044201103","0.6030150753768844","-3.08175557423432","0.003157385209284681","2.8199710833401843","0.4948406786738815","0.9263904489537427","12.222978903638419","2.5359394704854323"
"71.52188391725215","0.6080402010050251","-3.1342198234439307","0.003155799386061341","2.8133761053948723","0.49425471778634683","0.9244486129062403","12.187267028684575","2.528989244981446"
"71.89305739249326","0.6130653266331658","-3.187123156198104","0.0031542019113294626","2.806732808314695","0.49367228754123166","0.9225099113796341","12.150888266348495","2.521958331307603"
"72.26423086773438","0.6180904522613065","-3.240465572496838","0.003152592825005085","2.800041192099651","0.4930933879385359","0.9205743443739243","12.114509504012414","2.5149274176337593"
"72.63540434297549","0.6231155778894473","-3.29424707234013","0.0031509721672241366","2.7933012567497415","0.49251801897825964","0.9186419118891107","12.078130741676333","2.5078965039599157"
"73.00657781821661","0.628140703517588","-3.3484676557279878","0.0031493399783400554","2.786513002264966","0.49194618066040274","0.9167126139251934","12.041751979340251","2.5008655902860726"
"73.37775129345772","0.6331658291457286","-3.4031273226604046","0.0031476962989213887","2.779676428645324","0.4913778729849654","0.9147864504821726","12.005260297026277","2.4938213889967393"
"73.74892476869883","0.6381909547738693","-3.4582260731373813","0.0031460411909122908","2.772791535890816","0.4908130959519474","0.912863421560048","11.967578206133787","2.4866371089386865"
"74.12009824393995","0.6432160804020101","-3.513763907158922","0.003144374645235963","2.765858324001442","0.4902518495613488","0.9109435271588198","11.929896115241295","2.479452828880634"
"74.49127171918106","0.6482412060301508","-3.569740824725022","0.0031426967336920697","2.758876792977202","0.4896941338131698","0.9090267672784879","11.892214024348805","2.4722685488225817"
"74.86244519442218","0.6532663316582915","-3.626156825835684","0.0031410074977495516","2.751846942818096","0.4891399487074102","0.9071131419190521","11.854531933456313","2.465084268764529"
"75.23361866966329","0.6582914572864321","-3.683011910490907","0.0031393069790808356","2.7447687735241244","0.48858929424407","0.9052026510805128","11.816849842563823","2.4578999887064765"
"75.6047921449044","0.6633165829145728","-3.74030607869069","0.003137595219559387","2.737642285095286","0.48804217042314924","0.90329529476287","11.778283660878428","2.450611389404285"
"75.97596562014552","0.6683417085427136","-3.798039330435037","0.0031358722612573327","2.730467477531582","0.48749857724464796","0.9013910729661232","11.739287551396377","2.4432720603092477"
"76.34713909538662","0.6733668341708543","-3.8562116657239427","0.0031341381464427887","2.7232443508330113","0.4869585147085661","0.8994899856902728","11.700291441914327","2.4359327312142103"
"76.71831257062775","0.678391959798995","-3.914823084557411","0.0031323929175777667","2.715972904999575","0.4864219828149037","0.8975920329353188","11.661295332432276","2.4285934021191724"
"77.08948604586885","0.6834170854271356","-3.9738735869354382","0.0031306366173154644","2.7086531400312728","0.4858889815636607","0.8956972147012611","11.622299222950227","2.421254073024135"
"77.46065952110996","0.6884422110552764","-4.033363172858027","0.0031288692884978756","2.7012850559281043","0.4853595109548372","0.8938055309880996","11.582964661985706","2.413875009988349"
"77.83183299635108","0.6934673366834171","-4.09329184232518","0.003127090974153329","2.6938686526900693","0.48483357098843316","0.8919169817958345","11.542661736351826","2.406382261693705"
"78.20300647159219","0.6984924623115578","-4.153659595336892","0.003125301717494023","2.6864039303171694","0.4843111616644485","0.8900315671244656","11.502358810717949","2.398889513399062"
"78.57417994683331","0.7035175879396985","-4.2144664318931655","0.0031235015619135572","2.6788908888094025","0.4837922829828833","0.8881492869739932","11.46205588508407","2.3913967651044183"
"78.94535342207442","0.7085427135678392","-4.275712351994001","0.0031216905509844576","2.67132952816677","0.4832769349437376","0.886270141344417","11.421752959450192","2.383904016809775"
"79.31652689731553","0.7135678391959799","-4.3373973556393945","0.0031198687284557125","2.6637198483892717","0.48276511754701124","0.8843941302357372","11.381450033816312","2.3764112685151315"
"79.68770037255665","0.7185929648241206","-4.3995214428293545","0.0031180361382502843","2.656061849476907","0.4822568307927044","0.8825212536479536","11.340056231434845","2.3687920920304473"
"80.05887384779776","0.7236180904522613","-4.462084613563871","0.0031161928244626395","2.648355531429676","0.481752074680817","0.8806515115810665","11.298462578216292","2.3611497536444146"
"80.43004732303888","0.7286432160804021","-4.525086867842951","0.0031143388556273636","2.6406008942475783","0.48125084921134903","0.8787849040350755","11.256868924997734","2.353507415258382"
"80.80122079827999","0.7336683417085427","-4.588528205666591","0.0031124742192640397","2.632797937930616","0.4807531543843005","0.8769214310099809","11.21527527177918","2.345865076872349"
"81.17239427352109","0.7386934673366834","-4.6524086270347915","0.0031105989943095063","2.624946662478787","0.48025899019967144","0.8750610925057826","11.173681618560625","2.338222738486316"
"81.54356774876221","0.7437185929648241","-4.716728131947557","0.003108713225574745","2.6170470678920914","0.47976835665746176","0.8732038885224807","11.131530187763854","2.330517531583095"
"81.91474122400334","0.7487437185929648","-4.781486720404882","0.0031068169580300755","2.60909915417053","0.4792812537576716","0.8713498190600749","11.088643404251057","2.3227294412211745"
"82.28591469924444","0.7537688442211056","-4.846684392406767","0.0031049102368026524","2.6011029213141033","0.4787976815003009","0.8694988841185656","11.045756620738262","2.3149413508592547"
"82.65708817448555","0.7587939698492462","-4.912321147953213","0.0031029931071739673","2.59305836932281","0.4783176398853495","0.8676510836979526","11.002869837225468","2.307153260497335"
"83.02826164972666","0.7638190954773869","-4.97839698704422","0.003101065614577361","2.5849654981966514","0.47784112891281766","0.865806417798236","10.959983053712673","2.2993651701354145"
"83.39943512496778","0.7688442211055276","-5.044911909679789","0.003099127804595519","2.5768243079356257","0.4773681485827052","0.8639648864194155","10.917073188542808","2.2915744414614174"
"83.7706086002089","0.7738693467336684","-5.111865915859921","0.0030971797229579832","2.568634798539734","0.47689869889501224","0.8621264895614913","10.872868498249392","2.283635709862352"
"84.14178207545001","0.7788944723618091","-5.179259005584612","0.0030952214155386478","2.560396970008976","0.47643277984973875","0.8602912272244637","10.828663807955978","2.2756969782632863"
"84.51295555069112","0.7839195979899497","-5.2470911788538634","0.0030932529283532718","2.5521108223433533","0.4759703914468847","0.8584590994083323","10.784459117662562","2.267758246664221"
"84.88412902593224","0.7889447236180904","-5.315362435667678","0.003091274307556983","2.5437763555428634","0.47551153368645005","0.8566301061130971","10.740254427369146","2.2598195150651557"
"85.25530250117335","0.7939698492462312","-5.384072776026053","0.0030892855994417833","2.535393569607508","0.47505620656843484","0.8548042473387583","10.69604973707573","2.2518807834660906"
"85.62647597641447","0.7989949748743719","-5.45322219992899","0.003087286850434056","2.526962464537286","0.47460441009283905","0.8529815230853157","10.651074816244362","2.2438554370289103"
"85.99764945165558","0.8040201005025126","-5.522810707376486","0.003085278107092082","2.5184830403321983","0.4741561442596628","0.8511619333527696","10.60559425227802","2.2357732294363735"
"86.36882292689668","0.8090452261306532","-5.592838298368544","0.003083259416103544","2.5099552969922447","0.47371140906890585","0.8493454781411197","10.56011368831168","2.2276910218438366"
"86.7399964021378","0.8140703517587939","-5.663304972905165","0.0030812308242830436","2.5013792345174246","0.47327020452056845","0.847532157450366","10.514633124345337","2.2196088142512993"
"87.11116987737891","0.8190954773869347","-5.734210730986344","0.0030791923785696207","2.492754852907739","0.47283253061465047","0.845721971280509","10.469152560378998","2.2115266066587624"
"87.48234335262003","0.8241206030150754","-5.805555572612089","0.0030771441260242626","2.484082152163187","0.4723983873511519","0.843914919631548","10.423409053141812","2.2034151907466026"
"87.85351682786114","0.8291457286432161","-5.877339497782391","0.0030750861138274348","2.475361132283769","0.4719677747300729","0.8421110025034834","10.37654358266321","2.1951791446780784"
"88.22469030310225","0.8341708542713567","-5.949562506497255","0.0030730184179055806","2.466591793269485","0.47154069275141325","0.840310219896315","10.329678112184606","2.186943098609554"
"88.59586377834337","0.8391959798994975","-6.022224598756681","0.0030709410193059472","2.457774135120334","0.471117141415173","0.8385125718100431","10.282812641706","2.17870705254103"
"88.96703725358448","0.8442211055276382","-6.095325774560666","0.0030688540049692934","2.4489081578363185","0.4706971207213523","0.8367180582446674","10.235947171227398","2.1704710064725057"
"89.3382107288256","0.8492462311557789","-6.168866033909217","0.003066757422575685","2.4399938614174363","0.47028063066995096","0.834926679200188","10.189081700748792","2.162234960403981"
"89.70938420406671","0.8542713567839196","-6.242845376802325","0.0030646513199124236","2.4310312458636876","0.4698676712609691","0.833138434676605","10.141360773091975","2.153906383422113"
"90.08055767930782","0.8592964824120602","-6.317263803239993","0.0030625357448715814","2.422020311175073","0.4694582424944067","0.8313533246739183","10.093392963878284","2.1455511023847675"
"90.45173115454894","0.864321608040201","-6.392121313222227","0.0030604107454475387","2.412961057351593","0.4690523443702637","0.8295713491921278","10.045425154664592","2.1371958213474223"
"90.82290462979005","0.8693467336683417","-6.46741790674902","0.0030582763697345277","2.403853484393246","0.46864997688854015","0.8277925082312338","9.9974573454509","2.128840540310077"
"91.19407810503117","0.8743718592964824","-6.543153583820373","0.00305613266592418","2.3946975923000338","0.468251140049236","0.826016801791236","9.949489536237209","2.1204852592727317"
"91.56525158027227","0.8793969849246231","-6.619328344436289","0.0030539796823030757","2.3854933810719556","0.4678558338523514","0.8242442298721346","9.901037546178188","2.112077096694647"
"91.9364250555134","0.8844221105527639","-6.695942188596765","0.003051817467250304","2.3762408507090105","0.4674640582978862","0.8224747924739293","9.851733008190767","2.1035758200488686"
"92.3075985307545","0.8894472361809045","-6.772995116301803","0.0030496460692350253","2.3669400012111996","0.4670758133858404","0.8207084895966206","9.802428470203347","2.0950745434030904"
"92.67877200599561","0.8944723618090452","-6.8504871275514","0.00304746553681403","2.357590832578523","0.4666910991162141","0.818945321240208","9.753123932215928","2.0865732667573123"
"93.04994548123673","0.8994974874371859","-6.928418222345562","0.003045275918629326","2.34819334481098","0.46630991548900724","0.8171852874046919","9.703819394228507","2.0780719901115337"
"93.42111895647784","0.9045226130653267","-7.0067884006842815","0.0030430772634057017","2.3387475379085707","0.4659322625042198","0.815428388090072","9.654514856241088","2.0695707134657555"
"93.79229243171896","0.9095477386934674","-7.085597662567566","0.0030408696199483217","2.3292534118712958","0.4655581401618518","0.8136746232963483","9.604076888810184","2.060950305812625"
"94.16346590696007","0.914572864321608","-7.164846007995409","0.0030386530371403126","2.319710966699155","0.4651875484619033","0.8119239930235211","9.55357723936682","2.052323414967866"
"94.53463938220118","0.9195979899497487","-7.244533436967813","0.00303642756394036","2.3101202023921483","0.46482048740437426","0.8101764972715902","9.503077589923457","2.0436965241231073"
"94.9058128574423","0.9246231155778895","-7.32465994948478","0.0030341932493803112","2.300481118950275","0.4644569569892646","0.8084321360405555","9.452577940480092","2.0350696332783476"
"95.2769863326834","0.9296482412060302","-7.405225545546306","0.003031950142562787","2.290793716373536","0.46409695721657435","0.8066909093304172","9.402078291036728","2.0264427424335887"
"95.64815980792453","0.9346733668341709","-7.4862302251523944","0.0030296982926587943","2.2810579946619307","0.4637404880863035","0.8049528171411753","9.334659699999028","1.9863632744713475"
"96.01933328316564","0.9396984924623115","-7.567673988303045","0.003027437748905355","2.271273953815459","0.46338754959845224","0.8032178594728295","9.252510002568057","1.9188984492586678"
"96.39050675840674","0.9447236180904522","-7.6495568349982515","0.003025168560603132","2.261441593834122","0.4630381417530204","0.8014860363253802","9.170360305137088","1.851433624045988"
"96.76168023364787","0.949748743718593","-7.698888985812275","0.0030228907771140696","2.1498637394936395","0.4730909848533429","0.7997470384258527","9.088210607706115","1.783968798833306"
"97.13285370888897","0.9547738693467337","-7.790113532327908","0.0030206044478590386","2.051726656949768","0.5195069618404204","0.641304536264407","9.006060910275146","1.7165039736206262"
"97.5040271841301","0.9597989949748744","-7.878929964626707","0.0030183096541330414","1.9276230651848891","0.5450951442610403","0.482071897280985","8.921367637983527","1.6443807401529873"
"97.8752006593712","0.964824120603015","-7.965338282708615","0.0030160063723181697","1.7775529641986623","0.5498555321153162","0.32204912147560094","8.81815099994255","1.5383330481402062"
"98.24637413461231","0.9698492462311558","-8.049338486573674","0.0030136946949647545","1.6015163539914283","0.5337881254032482","0.1612362088482513","8.714934361901571","1.4322853561274254"
"98.61754760985343","0.9748743718592965","-8.130930576221829","0.0030113746717434888","1.3995132345630736","0.4968929241246087","0.0","8.611717723860588","1.3262376641146405"
"98.98872108509454","0.9798994974874372","-8.210114551653149","0.003009046352372348","1.1715436059134845","0.4391699282796253","0.0","8.50850108581961","1.2201899721018596"
"99.35989456033566","0.9849246231155779","-8.286890412867592","0.0030067097866142744","0.9176074680428883","0.3606191378682979","0.0","8.405284447778627","1.1141422800890748"
"99.73106803557677","0.9899497487437185","-8.361258159865159","0.003004365024274872","0.6377048209509439","0.26124055289028547","0.0","0.0","0.0"
"100.10224151081788","0.9949748743718593","-8.433217792645834","0.0030020121152001234","0.33183566463787884","0.14103417334604273","0.0","0.0","0.0"
"100.473414986059","1.0","-8.502769311209676","0.0029996511092740914","-8.959659680840559E-10","-7.645439836778678E-10","0.0","0.0","0.0"
